region,name,url
¹è°ğ,¹è°ğ ¶ÇÀÕÄ«Æä ¹è°ğÁ¡,https://pcmap.place.naver.com/restaurant/1655915463/review/visitor#
¹è°ğ,¹è°ğ Ä«Ã÷¿À¸ğÀÌ,https://pcmap.place.naver.com/restaurant/1201059044/review/visitor#
¹è°ğ,¹è°ğ ¾çÇ¬¾Öµî°¥ºñ,https://pcmap.place.naver.com/restaurant/1417147527/review/visitor#
¹è°ğ,¹è°ğ ÅõÆÄÀÎµåÇÇÅÍ ¹è°ğÁ¡,https://pcmap.place.naver.com/restaurant/1953482739/review/visitor#
¹è°ğ,¹è°ğ ¼Ò¼â¿ø ¹è°ğº»Á¡,https://pcmap.place.naver.com/restaurant/1392415102/review/visitor#
¹è°ğ,¹è°ğ Á¤µ¿Áø,https://pcmap.place.naver.com/restaurant/13494030/review/visitor#
¹è°ğ,¹è°ğ Tailor.Button,https://pcmap.place.naver.com/restaurant/1820366991/review/visitor#
¹è°ğ,¹è°ğ µüÀÌ¾ßÁ÷È­µÎ¸¶¸®Ä¡Å² ¹è°ğÁ¡,https://pcmap.place.naver.com/restaurant/1390761124/review/visitor#
¹è°ğ,¹è°ğ Ä«Æä °ËÀº¼ø¼ö ¹è°ğº»Á¡,https://pcmap.place.naver.com/restaurant/217796033/review/visitor#
¹è°ğ,¹è°ğ µî´ëÈ½Áı,https://pcmap.place.naver.com/restaurant/17954658/review/visitor#
¹è°ğ,¹è°ğ Poke all day Æ÷ÄÉ&»ø·¯µå ¹è°ğ½Åµµ½ÃÁ¡,https://pcmap.place.naver.com/restaurant/1105983141/review/visitor#
¹è°ğ,¹è°ğ ±¸½Êµµ¾¾,https://pcmap.place.naver.com/restaurant/1958911015/review/visitor#
¹è°ğ,¹è°ğ ¿§È¨ÆÄ½ºÅ¸,https://pcmap.place.naver.com/restaurant/1838344919/review/visitor#
¹è°ğ,¹è°ğ ¼¼À¯Ä«Ã÷,https://pcmap.place.naver.com/restaurant/1038063361/review/visitor#
¹è°ğ,¹è°ğ ÇÊ·Îµ¥¿À½º,https://pcmap.place.naver.com/restaurant/1011895178/review/visitor#
¹è°ğ,¹è°ğ ¸ğ¹ÌÁö,https://pcmap.place.naver.com/restaurant/1511681552/review/visitor#
¹è°ğ,¹è°ğ Àú½ºÆ®ÅÙµ¿ ¹è°ğ½Åµµ½ÃÁ¡,https://pcmap.place.naver.com/restaurant/1591032031/review/visitor#
¹è°ğ,¹è°ğ Àª·Î¿ì ¿ìµå,https://pcmap.place.naver.com/restaurant/1305244805/review/visitor#
¹è°ğ,¹è°ğ ¿Ğ¶óºñ½º½ºÅ×ÀÌÅ©,https://pcmap.place.naver.com/restaurant/1058557307/review/visitor#
¹è°ğ,¹è°ğ ÆÇ´Ù¼Ò¹Ù,https://pcmap.place.naver.com/restaurant/1059151533/review/visitor#
¹è°ğ,¹è°ğ ¼±½Ä´ç ½ÃÈï¹è°ğÁ¡,https://pcmap.place.naver.com/restaurant/1538954809/review/visitor#
¹è°ğ,¹è°ğ ¿ä¿ä°í ±×¸¯¿ä°ÅÆ®,https://pcmap.place.naver.com/restaurant/1943239169/review/visitor#
¹è°ğ,¹è°ğ º°¹ÌÁö±³ ½ÃÈïÁ¡,https://pcmap.place.naver.com/restaurant/1966910866/review/visitor#
¹è°ğ,¹è°ğ ¿ì¸¶Ä«,https://pcmap.place.naver.com/restaurant/1019723648/review/visitor#
¹è°ğ,¹è°ğ ¶ã¾Ö ¹è°ğÁ¡,https://pcmap.place.naver.com/restaurant/1313467813/review/visitor#
¹è°ğ,¹è°ğ ¹è°ğ¾Æ¶ì,none
¹è°ğ,¹è°ğ ¿ìÁ¤È½Áı,https://pcmap.place.naver.com/restaurant/17953470/review/visitor#
¹è°ğ,¹è°ğ ºÎ¾ûÀÌµ·°¡½º ¹è°ğÁ¡,none
¹è°ğ,¹è°ğ ¾î¹İ ±×¸± ¹Ùº£Å¥ ÇÏ¿ì½º,https://pcmap.place.naver.com/restaurant/1167527594/review/visitor#
¹è°ğ,¹è°ğ ¾ÆÄÚ,none
¹è°ğ,¹è°ğ Å½¶ó´ã,https://pcmap.place.naver.com/restaurant/1972976688/review/visitor#
¹è°ğ,¹è°ğ ¿øÁ¶ºÎ¾ÈÁı ¹è°ğÁ¡,https://pcmap.place.naver.com/restaurant/1893957620/review/visitor#
¹è°ğ,¹è°ğ ¾Ë¸®½ºÅ¸ ÄÉ³ÄÄ¿ÇÇ º»Á¡,https://pcmap.place.naver.com/restaurant/1809214844/review/visitor#
¹è°ğ,¹è°ğ ½ºÇÃ·»µğµå,https://pcmap.place.naver.com/restaurant/1217412267/review/visitor#
¹è°ğ,¹è°ğ ½º½Ã À¯¿ìÈ÷,https://pcmap.place.naver.com/restaurant/1518364049/review/visitor#
¹è°ğ,¹è°ğ »Ú¶ìÆş,none
¹è°ğ,¹è°ğ ÄÉÀÌÅ©ÁÒ,https://pcmap.place.naver.com/restaurant/1135223707/review/visitor#
¹è°ğ,¹è°ğ ÇÙ¹ä ½ÃÈï¹è°ğÁ¡,none
¹è°ğ,¹è°ğ Á¶°³ºê¶ó´õ½º,none
¹è°ğ,¹è°ğ ÀÎ´õºñ¿§ ¹è°ğÁ¡,https://pcmap.place.naver.com/restaurant/1038821469/review/visitor#
¹è°ğ,¹è°ğ º¹È£µÎ ¹è°ğ Á÷¿µÁ¡,https://pcmap.place.naver.com/restaurant/1714470680/review/visitor#
¹è°ğ,¹è°ğ ¿¡ºñ¾ß ¹è°ğÁ¡,https://pcmap.place.naver.com/restaurant/1871729844/review/visitor#
¹è°ğ,¹è°ğ °í±â½Î·Õ ¹è°ğ½Åµµ½ÃÁ¡,none
¹è°ğ,¹è°ğ Åä¸ğ·çº£ÀÌÄ¿¸®,none
¹è°ğ,¹è°ğ ±×·¹¸ùµğÀúÆ®¼¥,https://pcmap.place.naver.com/restaurant/1082111006/review/visitor#
¹è°ğ,¹è°ğ Á¶°³¹İÀå,https://pcmap.place.naver.com/restaurant/36797954/review/visitor#
¹è°ğ,¹è°ğ Á¤ÀÚÃÊ¹ä ¹è°ğÁ¡,https://pcmap.place.naver.com/restaurant/1156775418/review/visitor#
¹è°ğ,¹è°ğ Æ÷ÀÎ¼¼Æ¼¾Æ,https://pcmap.place.naver.com/restaurant/1502800914/review/visitor#
¹è°ğ,¹è°ğ ¹é³â½Ä´ç,none
¹è°ğ,¹è°ğ »È½Ä´ç ¹è°ğÁ¡,https://pcmap.place.naver.com/restaurant/1011567535/review/visitor#
¹è°ğ,¹è°ğ ºü·¹¶ßÇÑ³² ¹è°ğÁ¡,https://pcmap.place.naver.com/restaurant/1900991934/review/visitor#
¹è°ğ,¹è°ğ Çàº¹ÇÑ´ÙÀÌ´× ¹è°ğ,https://pcmap.place.naver.com/restaurant/804809053/review/visitor#
¹è°ğ,¹è°ğ ¶óÇïÀÇºÎ¾ı ¹è°ğÁ¡,https://pcmap.place.naver.com/restaurant/1690105736/review/visitor#
¹è°ğ,¹è°ğ ½´ÄÉÀÍÇÏ¿ì½º ½ÃÈï ¹è°ğÁ¡,none
¹è°ğ,¹è°ğ ¼îÄíÅä,https://pcmap.place.naver.com/restaurant/1517542454/review/visitor#
¹è°ğ,¹è°ğ ÇÑ³¢½ÄÅ¹,https://pcmap.place.naver.com/restaurant/1174128673/review/visitor#
¹è°ğ,¹è°ğ ºí·¹½º·Ñ ½ÃÈï¹è°ğÁ¡,none
¹è°ğ,¹è°ğ ¾Æ¸Ş¸®Ä­Æ®·¹ÀÌ ¹è°ğÁ¡,https://pcmap.place.naver.com/restaurant/1442748359/review/visitor#
¹è°ğ,¹è°ğ ¹ÌÁîÄÁÅ×ÀÌ³Ê ½ÃÈïÁ¡,none
¹è°ğ,¹è°ğ ÃµÇâ¿À ¸¶¶óÅÁ,https://pcmap.place.naver.com/restaurant/1991013025/review/visitor#
¹è°ğ,¹è°ğ Ä«ÆäÈñ´Ù ½ÃÈï¹è°ğ½Åµµ½ÃÁ¡,https://pcmap.place.naver.com/restaurant/1816196090/review/visitor#
¹è°ğ,¹è°ğ ½Åº¹°ü ¹è°ğÁ¡,https://pcmap.place.naver.com/restaurant/1286629233/review/visitor#
¹è°ğ,¹è°ğ LA ¿¡¼­ ÈÉÄ£°¥ºñ ½ÃÈï¹è°ğÁ¡,https://pcmap.place.naver.com/restaurant/1621223648/review/visitor#
¹è°ğ,¹è°ğ ¿¡ÀÌÆ®ÀÎ²¿²ô ¹è°ğÁ¡,https://pcmap.place.naver.com/restaurant/1615025687/review/visitor#
¹è°ğ,¹è°ğ ¹é³âºÒ°í±â ¹è°ğÁ¡,none
¹è°ğ,¹è°ğ ´Ù½Ã¿ÃÄÉÀÌÅ©,https://pcmap.place.naver.com/restaurant/1920325529/review/visitor#
¹è°ğ,¹è°ğ °í±â¿øÄ¢ ¹è°ğ½Åµµ½ÃÁ¡,https://pcmap.place.naver.com/restaurant/1044946080/review/visitor#
¹è°ğ,¹è°ğ ½º½Ã³ëÄ­µµ ¹è°ğÁ¡,https://pcmap.place.naver.com/restaurant/1367769709/review/visitor#
¹è°ğ,¹è°ğ »ç°èÁø¹Ì½¡ºÒ´ß°¥ºñ ½ÃÈï¹è°ğÁ¡,none
¹è°ğ,¹è°ğ ¾Ë·ÎÇÏÅ×ÀÌºí ½ÃÈïÇÁ¸®¹Ì¾ö¾Æ¿ï·¿Á¡,none
¹è°ğ,¹è°ğ ¿À¿µ±è¹ä,https://pcmap.place.naver.com/restaurant/1194898689/review/visitor#
¹è°ğ,¹è°ğ ÀÎ±â¸í ½ÃÈï¹è°ğÁ¡,none
¹è°ğ,¹è°ğ ÈÆÀÌ³×¼Ü¶Ñ²±»ï°ã»ì,https://pcmap.place.naver.com/restaurant/1045893394/review/visitor#
¹è°ğ,¹è°ğ Cafe ´ÙÇÕ,https://pcmap.place.naver.com/restaurant/1290987420/review/visitor#
¹è°ğ,¹è°ğ Ä«Æä¹ÙÀÌ¸¶½º,https://pcmap.place.naver.com/restaurant/1096261722/review/visitor#
